<?xml version="1.0" encoding="UTF-8"?>
<beans xmlns="http://www.springframework.org/schema/beans"
	xmlns:p="http://www.springframework.org/schema/p"
	xmlns:util="http://www.springframework.org/schema/util"
	xmlns:xsi="http://www.w3.org/2001/XMLSchema-instance"
	xsi:schemaLocation="http://www.springframework.org/schema/beans http://www.springframework.org/schema/beans/spring-beans.xsd
						http://www.springframework.org/schema/util http://www.springframework.org/schema/util/spring-util.xsd
					">
	<bean id="throwsAdvice" class="outerhaven.spring.MyThrowsAdvice" />
	<bean id="aop1" class="org.springframework.aop.framework.ProxyFactoryBean">
		<property name="proxyInterfaces" value="outerhaven.spring.IMyAdvice" />
		<property name="interceptorNames">
			<list>
				<value>throwsAdvice</value>
			</list>
		</property>
		<property name="target">
			<bean class="outerhaven.spring.MyAdviceTarget" />
		</property>
	</bean>
</beans>